"[NAME(1)]";" [MODULE(2)]";" [THREAD(3)]";" [CLASS(4)]";" [SELF_TIME(5)]";" [TOTAL_TIME(6)]";" [WAIT_TIME(7)]";" [TOTAL_WAIT_TIME(8)]";" [#_CALLS(9)]";" [#_CALLERS(10)]";" [#_CALLEES(11)]";" [ADDRESS(12)]";" [MANGLED_NAME(13)]";" [DISPLAY_NAME(14)]";" [PROCESS(15)]";" [SOURCE_FILE(16)]";" [PID(17)]"
"__libc_start_main";" /home/adve_s/sasanka/alex/release/vtune_code/MPGenc/execs/mpeg2enc_nosse";" Thread_4000";" ";57;32058436;0;0;1;1;10;" 0x1B9D0";" __libc_start_main";" __libc_start_main";" /home/adve_s/sasanka/alex/release/vtune_code/MPGenc/execs/mpeg2enc_nosse";" unknown";25712
"main";" /home/adve_s/sasanka/alex/release/vtune_code/MPGenc/execs/mpeg2enc_nosse";" Thread_4000";" ";14;32058179;0;0;1;1;8;" 0xBFAC";" main";" main";" /home/adve_s/sasanka/alex/release/vtune_code/MPGenc/execs/mpeg2enc_nosse";" src/motion.c";25712
"putseq";" /home/adve_s/sasanka/alex/release/vtune_code/MPGenc/execs/mpeg2enc_nosse";" Thread_4000";" ";614;32055192;0;0;1;1;12;" 0x67DC";" putseq";" putseq";" /home/adve_s/sasanka/alex/release/vtune_code/MPGenc/execs/mpeg2enc_nosse";" src/putseq.c";25712
"thread_work_dist";" /home/adve_s/sasanka/alex/release/vtune_code/MPGenc/execs/mpeg2enc_nosse";" Thread_4000";" ";275;31680267;0;0;150;1;5;" 0x674E";" thread_work_dist";" thread_work_dist";" /home/adve_s/sasanka/alex/release/vtune_code/MPGenc/execs/mpeg2enc_nosse";" src/putseq.c";25712
"thread_work";" /home/adve_s/sasanka/alex/release/vtune_code/MPGenc/execs/mpeg2enc_nosse";" Thread_4000";" ";809;31649325;0;0;150;1;8;" 0x6688";" thread_work";" thread_work";" /home/adve_s/sasanka/alex/release/vtune_code/MPGenc/execs/mpeg2enc_nosse";" src/transfrm.c";25712
"ptmotion_estimation";" /home/adve_s/sasanka/alex/release/vtune_code/MPGenc/execs/mpeg2enc_nosse";" Thread_4000";" ";15883;18979057;0;0;150;1;1;" 0x738E";" ptmotion_estimation";" ptmotion_estimation";" /home/adve_s/sasanka/alex/release/vtune_code/MPGenc/execs/mpeg2enc_nosse";" src/motion.c";25712
"frame_ME";" /home/adve_s/sasanka/alex/release/vtune_code/MPGenc/execs/mpeg2enc_nosse";" Thread_4000";" ";137169;18963174;0;0;198000;1;5;" 0x74B2";" frame_ME";" frame_ME";" /home/adve_s/sasanka/alex/release/vtune_code/MPGenc/execs/mpeg2enc_nosse";" src/motion.c";25712
"frame_estimate";" /home/adve_s/sasanka/alex/release/vtune_code/MPGenc/execs/mpeg2enc_nosse";" Thread_4000";" ";164126;16691991;0;0;311520;1;1;" 0x95E8";" frame_estimate";" frame_estimate";" /home/adve_s/sasanka/alex/release/vtune_code/MPGenc/execs/mpeg2enc_nosse";" src/motion.c";25712
"fullsearch";" /home/adve_s/sasanka/alex/release/vtune_code/MPGenc/execs/mpeg2enc_nosse";" Thread_4000";" ";3267764;16527865;0;0;1557600;1;1;" 0xA452";" fullsearch";" fullsearch";" /home/adve_s/sasanka/alex/release/vtune_code/MPGenc/execs/mpeg2enc_nosse";" src/motion.c";25712
"dist1";" /home/adve_s/sasanka/alex/release/vtune_code/MPGenc/execs/mpeg2enc_nosse";" Thread_4000";" ";13260101;13260101;0;0;42836076;1;0;" 0xABBC";" dist1";" dist1";" /home/adve_s/sasanka/alex/release/vtune_code/MPGenc/execs/mpeg2enc_nosse";" src/motion.c";25712
"ptquant";" /home/adve_s/sasanka/alex/release/vtune_code/MPGenc/execs/mpeg2enc_nosse";" Thread_4000";" ";72546;3650349;0;0;150;1;2;" 0xF684";" ptquant";" ptquant";" /home/adve_s/sasanka/alex/release/vtune_code/MPGenc/execs/mpeg2enc_nosse";" src/quantize.c";25712
"quant_non_intra";" /home/adve_s/sasanka/alex/release/vtune_code/MPGenc/execs/mpeg2enc_nosse";" Thread_4000";" ";3212321;3212321;0;0;1065936;1;0;" 0xFA92";" quant_non_intra";" quant_non_intra";" /home/adve_s/sasanka/alex/release/vtune_code/MPGenc/execs/mpeg2enc_nosse";" src/quantize.c";25712
"ptitransform";" /home/adve_s/sasanka/alex/release/vtune_code/MPGenc/execs/mpeg2enc_nosse";" Thread_4000";" ";172062;3097455;0;0;150;1;2;" 0x551E";" ptitransform";" ptitransform";" /home/adve_s/sasanka/alex/release/vtune_code/MPGenc/execs/mpeg2enc_nosse";" src/transfrm.c";25712
"pttransform";" /home/adve_s/sasanka/alex/release/vtune_code/MPGenc/execs/mpeg2enc_nosse";" Thread_4000";" ";175099;3003009;0;0;150;1;2;" 0x5266";" pttransform";" pttransform";" /home/adve_s/sasanka/alex/release/vtune_code/MPGenc/execs/mpeg2enc_nosse";" src/transfrm.c";25712
"idct";" /home/adve_s/sasanka/alex/release/vtune_code/MPGenc/execs/mpeg2enc_nosse";" Thread_4000";" ";2577328;2577328;0;0;1188000;1;0;" 0x3660";" idct";" idct";" /home/adve_s/sasanka/alex/release/vtune_code/MPGenc/execs/mpeg2enc_nosse";" src/putmpg.c";25712
"fdct";" /home/adve_s/sasanka/alex/release/vtune_code/MPGenc/execs/mpeg2enc_nosse";" Thread_4000";" ";2537192;2537192;0;0;1188000;1;0;" 0xC84";" fdct";" fdct";" /home/adve_s/sasanka/alex/release/vtune_code/MPGenc/execs/mpeg2enc_nosse";" src/fdctref.c";25712
"ptputpict";" /home/adve_s/sasanka/alex/release/vtune_code/MPGenc/execs/mpeg2enc_nosse";" Thread_4000";" ";89349;1425812;0;0;150;1;8;" 0x417A";" ptputpict";" ptputpict";" /home/adve_s/sasanka/alex/release/vtune_code/MPGenc/execs/mpeg2enc_nosse";" src/putpic.c";25712
"bdist1";" /home/adve_s/sasanka/alex/release/vtune_code/MPGenc/execs/mpeg2enc_nosse";" Thread_4000";" ";1324719;1324719;0;0;392040;1;0;" 0xBB30";" bdist1";" bdist1";" /home/adve_s/sasanka/alex/release/vtune_code/MPGenc/execs/mpeg2enc_nosse";" src/motion.c";25712
"ptpredict";" /home/adve_s/sasanka/alex/release/vtune_code/MPGenc/execs/mpeg2enc_nosse";" Thread_4000";" ";18558;694357;0;0;150;1;1;" 0xE226";" ptpredict";" ptpredict";" /home/adve_s/sasanka/alex/release/vtune_code/MPGenc/execs/mpeg2enc_nosse";" src/predict.c";25712
"predict_mb";" /home/adve_s/sasanka/alex/release/vtune_code/MPGenc/execs/mpeg2enc_nosse";" Thread_4000";" ";51403;675799;0;0;198000;1;2;" 0xE2FE";" predict_mb";" predict_mb";" /home/adve_s/sasanka/alex/release/vtune_code/MPGenc/execs/mpeg2enc_nosse";" src/predict.c";25712
"pred";" /home/adve_s/sasanka/alex/release/vtune_code/MPGenc/execs/mpeg2enc_nosse";" Thread_4000";" ";141700;611565;0;0;466704;1;1;" 0xE9C2";" pred";" pred";" /home/adve_s/sasanka/alex/release/vtune_code/MPGenc/execs/mpeg2enc_nosse";" src/predict.c";25712
"put_bits";" /home/adve_s/sasanka/alex/release/vtune_code/MPGenc/execs/mpeg2enc_nosse";" Thread_4000";" ";490769;583985;0;0;4771524;13;1;" 0x1019E";" put_bits";" put_bits";" /home/adve_s/sasanka/alex/release/vtune_code/MPGenc/execs/mpeg2enc_nosse";" src/putbits.c";25712
"bdist2";" /home/adve_s/sasanka/alex/release/vtune_code/MPGenc/execs/mpeg2enc_nosse";" Thread_4000";" ";555286;555286;0;0;178638;1;0;" 0xBD06";" bdist2";" bdist2";" /home/adve_s/sasanka/alex/release/vtune_code/MPGenc/execs/mpeg2enc_nosse";" src/motion.c";25712
"ptiquant";" /home/adve_s/sasanka/alex/release/vtune_code/MPGenc/execs/mpeg2enc_nosse";" Thread_4000";" ";71754;488985;0;0;150;1;2;" 0xF7C4";" ptiquant";" ptiquant";" /home/adve_s/sasanka/alex/release/vtune_code/MPGenc/execs/mpeg2enc_nosse";" src/quantize.c";25712
"put_mvs";" /home/adve_s/sasanka/alex/release/vtune_code/MPGenc/execs/mpeg2enc_nosse";" Thread_4000";" ";83409;485093;0;0;237407;1;2;" 0x4A4C";" put_mvs";" put_mvs";" /home/adve_s/sasanka/alex/release/vtune_code/MPGenc/execs/mpeg2enc_nosse";" src/putpic.c";25712
"pred_comp";" /home/adve_s/sasanka/alex/release/vtune_code/MPGenc/execs/mpeg2enc_nosse";" Thread_4000";" ";469865;469865;0;0;1400112;1;0;" 0xEAC4";" pred_comp";" pred_comp";" /home/adve_s/sasanka/alex/release/vtune_code/MPGenc/execs/mpeg2enc_nosse";" src/predict.c";25712
"put_AC";" /home/adve_s/sasanka/alex/release/vtune_code/MPGenc/execs/mpeg2enc_nosse";" Thread_4000";" ";166754;435066;0;0;934636;3;1;" 0xDA08";" put_AC";" put_AC";" /home/adve_s/sasanka/alex/release/vtune_code/MPGenc/execs/mpeg2enc_nosse";" src/putvlc.c";25712
"readframe";" /home/adve_s/sasanka/alex/release/vtune_code/MPGenc/execs/mpeg2enc_nosse";" Thread_4000";" ";46;372297;0;0;150;1;1;" 0x1454";" readframe";" readframe";" /home/adve_s/sasanka/alex/release/vtune_code/MPGenc/execs/mpeg2enc_nosse";" src/puthdr.c";25712
"read_y_u_v";" /home/adve_s/sasanka/alex/release/vtune_code/MPGenc/execs/mpeg2enc_nosse";" Thread_4000";" ";9087;372251;0;0;150;1;5;" 0x14A0";" read_y_u_v";" read_y_u_v";" /home/adve_s/sasanka/alex/release/vtune_code/MPGenc/execs/mpeg2enc_nosse";" src/readpic.c";25712
"put_mv";" /home/adve_s/sasanka/alex/release/vtune_code/MPGenc/execs/mpeg2enc_nosse";" Thread_4000";" ";108135;368505;0;0;853648;1;2;" 0x3442";" put_mv";" put_mv";" /home/adve_s/sasanka/alex/release/vtune_code/MPGenc/execs/mpeg2enc_nosse";" src/putmpg.c";25712
"quant_intra";" /home/adve_s/sasanka/alex/release/vtune_code/MPGenc/execs/mpeg2enc_nosse";" Thread_4000";" ";365482;365482;0;0;122064;1;0;" 0xF8CA";" quant_intra";" quant_intra";" /home/adve_s/sasanka/alex/release/vtune_code/MPGenc/execs/mpeg2enc_nosse";" src/quantize.c";25712
"put_nonintrablk";" /home/adve_s/sasanka/alex/release/vtune_code/MPGenc/execs/mpeg2enc_nosse";" Thread_4000";" ";91472;361569;0;0;150119;1;3;" 0x35DA";" put_nonintrablk";" put_nonintrablk";" /home/adve_s/sasanka/alex/release/vtune_code/MPGenc/execs/mpeg2enc_nosse";" src/putmpg.c";25712
"put_intrablk";" /home/adve_s/sasanka/alex/release/vtune_code/MPGenc/execs/mpeg2enc_nosse";" Thread_4000";" ";69201;355824;0;0;122064;1;4;" 0x3502";" put_intrablk";" put_intrablk";" /home/adve_s/sasanka/alex/release/vtune_code/MPGenc/execs/mpeg2enc_nosse";" src/putmpg.c";25712
"add_pred";" /home/adve_s/sasanka/alex/release/vtune_code/MPGenc/execs/mpeg2enc_nosse";" Thread_4000";" ";348065;348065;0;0;1188000;1;0;" 0x5A70";" add_pred";" add_pred";" /home/adve_s/sasanka/alex/release/vtune_code/MPGenc/execs/mpeg2enc_nosse";" src/transfrm.c";25712
"fread";" /home/adve_s/sasanka/alex/release/vtune_code/MPGenc/execs/mpeg2enc_nosse";" Thread_4000";" ";48481;333787;0;0;144000;1;5;" 0x1CE8C";" fread";" fread";" /home/adve_s/sasanka/alex/release/vtune_code/MPGenc/execs/mpeg2enc_nosse";" unknown";25712
"iquant_non_intra";" /home/adve_s/sasanka/alex/release/vtune_code/MPGenc/execs/mpeg2enc_nosse";" Thread_4000";" ";318912;318912;0;0;1065936;1;0;" 0xFDF4";" iquant_non_intra";" iquant_non_intra";" /home/adve_s/sasanka/alex/release/vtune_code/MPGenc/execs/mpeg2enc_nosse";" src/quantize.c";25712
"ptdct_type_estimation";" /home/adve_s/sasanka/alex/release/vtune_code/MPGenc/execs/mpeg2enc_nosse";" Thread_4000";" ";309492;309492;0;0;150;1;0;" 0x6162";" ptdct_type_estimation";" ptdct_type_estimation";" /home/adve_s/sasanka/alex/release/vtune_code/MPGenc/execs/mpeg2enc_nosse";" src/transfrm.c";25712
"sub_pred";" /home/adve_s/sasanka/alex/release/vtune_code/MPGenc/execs/mpeg2enc_nosse";" Thread_4000";" ";290718;290718;0;0;1188000;1;0;" 0x5B4A";" sub_pred";" sub_pred";" /home/adve_s/sasanka/alex/release/vtune_code/MPGenc/execs/mpeg2enc_nosse";" src/transfrm.c";25712
"put_motioncode";" /home/adve_s/sasanka/alex/release/vtune_code/MPGenc/execs/mpeg2enc_nosse";" Thread_4000";" ";126902;258425;0;0;853648;1;1;" 0xDBE6";" put_motioncode";" put_motioncode";" /home/adve_s/sasanka/alex/release/vtune_code/MPGenc/execs/mpeg2enc_nosse";" src/putvlc.c";25712
"_IO_sgetn";" /home/adve_s/sasanka/alex/release/vtune_code/MPGenc/execs/mpeg2enc_nosse";" Thread_4000";" ";18033;200266;0;0;144000;1;1;" 0x21BC4";" _IO_sgetn";" _IO_sgetn";" /home/adve_s/sasanka/alex/release/vtune_code/MPGenc/execs/mpeg2enc_nosse";" unknown";25712
"_IO_file_xsgetn";" /home/adve_s/sasanka/alex/release/vtune_code/MPGenc/execs/mpeg2enc_nosse";" Thread_4000";" ";21920;182233;0;0;144000;1;4;" 0x1F4D4";" _IO_file_xsgetn";" _IO_file_xsgetn";" /home/adve_s/sasanka/alex/release/vtune_code/MPGenc/execs/mpeg2enc_nosse";" unknown";25712
"variance";" /home/adve_s/sasanka/alex/release/vtune_code/MPGenc/execs/mpeg2enc_nosse";" Thread_4000";" ";156728;156728;0;0;198000;1;0;" 0xBECA";" variance";" variance";" /home/adve_s/sasanka/alex/release/vtune_code/MPGenc/execs/mpeg2enc_nosse";" src/motion.c";25712
"put_ACfirst";" /home/adve_s/sasanka/alex/release/vtune_code/MPGenc/execs/mpeg2enc_nosse";" Thread_4000";" ";18421;98607;0;0;150119;1;2;" 0xD9CC";" put_ACfirst";" put_ACfirst";" /home/adve_s/sasanka/alex/release/vtune_code/MPGenc/execs/mpeg2enc_nosse";" src/putvlc.c";25712
"iquant_intra";" /home/adve_s/sasanka/alex/release/vtune_code/MPGenc/execs/mpeg2enc_nosse";" Thread_4000";" ";98319;98319;0;0;122064;1;0;" 0xFC3A";" iquant_intra";" iquant_intra";" /home/adve_s/sasanka/alex/release/vtune_code/MPGenc/execs/mpeg2enc_nosse";" src/quantize.c";25712
"__underflow";" /home/adve_s/sasanka/alex/release/vtune_code/MPGenc/execs/mpeg2enc_nosse";" Thread_4000";" ";3132;98154;0;0;18750;1;1;" 0x20BF8";" __underflow";" __underflow";" /home/adve_s/sasanka/alex/release/vtune_code/MPGenc/execs/mpeg2enc_nosse";" unknown";25712
"dist2";" /home/adve_s/sasanka/alex/release/vtune_code/MPGenc/execs/mpeg2enc_nosse";" Thread_4000";" ";97281;97281;0;0;185831;1;0;" 0xB416";" dist2";" dist2";" /home/adve_s/sasanka/alex/release/vtune_code/MPGenc/execs/mpeg2enc_nosse";" src/motion.c";25712
"_IO_new_file_underflow";" /home/adve_s/sasanka/alex/release/vtune_code/MPGenc/execs/mpeg2enc_nosse";" Thread_4000";" ";5369;95066;0;0;18751;2;4;" 0x1EC80";" _IO_new_file_underflow";" _IO_new_file_underflow";" /home/adve_s/sasanka/alex/release/vtune_code/MPGenc/execs/mpeg2enc_nosse";" unknown";25712
"write_buf";" /home/adve_s/sasanka/alex/release/vtune_code/MPGenc/execs/mpeg2enc_nosse";" Thread_4000";" ";93103;93216;0;0;1468167;1;4;" 0x10120";" write_buf";" write_buf";" /home/adve_s/sasanka/alex/release/vtune_code/MPGenc/execs/mpeg2enc_nosse";" src/quantize.c";25712
"__read";" /home/adve_s/sasanka/alex/release/vtune_code/MPGenc/execs/mpeg2enc_nosse";" Thread_4000";" ";88211;88211;0;0;18751;1;0;" 0x16620";" __read";" __read";" /home/adve_s/sasanka/alex/release/vtune_code/MPGenc/execs/mpeg2enc_nosse";" unknown";25712
"memcpy";" /home/adve_s/sasanka/alex/release/vtune_code/MPGenc/execs/mpeg2enc_nosse";" Thread_4000";" ";51741;51741;0;0;144056;3;0;" 0x2800C";" memcpy";" memcpy";" /home/adve_s/sasanka/alex/release/vtune_code/MPGenc/execs/mpeg2enc_nosse";" unknown";25712
"put_DC";" /home/adve_s/sasanka/alex/release/vtune_code/MPGenc/execs/mpeg2enc_nosse";" Thread_4000";" ";22605;50485;0;0;122064;2;1;" 0xD934";" put_DC";" put_DC";" /home/adve_s/sasanka/alex/release/vtune_code/MPGenc/execs/mpeg2enc_nosse";" src/putvlc.c";25712
"put_DClum";" /home/adve_s/sasanka/alex/release/vtune_code/MPGenc/execs/mpeg2enc_nosse";" Thread_4000";" ";10061;45603;0;0;81376;1;1;" 0xD908";" put_DClum";" put_DClum";" /home/adve_s/sasanka/alex/release/vtune_code/MPGenc/execs/mpeg2enc_nosse";" src/putvlc.c";25712
"put_mbtype";" /home/adve_s/sasanka/alex/release/vtune_code/MPGenc/execs/mpeg2enc_nosse";" Thread_4000";" ";20878;43612;0;0;180565;1;1;" 0xDBB2";" put_mbtype";" put_mbtype";" /home/adve_s/sasanka/alex/release/vtune_code/MPGenc/execs/mpeg2enc_nosse";" src/putvlc.c";25712
"put_addrinc";" /home/adve_s/sasanka/alex/release/vtune_code/MPGenc/execs/mpeg2enc_nosse";" Thread_4000";" ";21364;40227;0;0;180565;1;1;" 0xDB5A";" put_addrinc";" put_addrinc";" /home/adve_s/sasanka/alex/release/vtune_code/MPGenc/execs/mpeg2enc_nosse";" src/putvlc.c";25712
"__funlockfile";" /home/adve_s/sasanka/alex/release/vtune_code/MPGenc/execs/mpeg2enc_nosse";" Thread_4000";" ";18671;34803;0;0;148432;7;1;" 0x153E8";" __funlockfile";" __funlockfile";" /home/adve_s/sasanka/alex/release/vtune_code/MPGenc/execs/mpeg2enc_nosse";" unknown";25712
"__flockfile";" /home/adve_s/sasanka/alex/release/vtune_code/MPGenc/execs/mpeg2enc_nosse";" Thread_4000";" ";17824;33191;0;0;148432;7;1;" 0x153D4";" __flockfile";" __flockfile";" /home/adve_s/sasanka/alex/release/vtune_code/MPGenc/execs/mpeg2enc_nosse";" unknown";25712
"flushbits";" /home/adve_s/sasanka/alex/release/vtune_code/MPGenc/execs/mpeg2enc_nosse";" Thread_4000";" ";156;26764;0;0;150;1;2;" 0x10264";" flushbits";" flushbits";" /home/adve_s/sasanka/alex/release/vtune_code/MPGenc/execs/mpeg2enc_nosse";" src/putbits.c";25712
"fwrite";" /home/adve_s/sasanka/alex/release/vtune_code/MPGenc/execs/mpeg2enc_nosse";" Thread_4000";" ";402;26439;0;0;150;1;5;" 0x1CF54";" fwrite";" fwrite";" /home/adve_s/sasanka/alex/release/vtune_code/MPGenc/execs/mpeg2enc_nosse";" unknown";25712
"_IO_new_file_xsputn";" /home/adve_s/sasanka/alex/release/vtune_code/MPGenc/execs/mpeg2enc_nosse";" Thread_4000";" ";263;25605;0;0;150;1;4;" 0x1F2A8";" _IO_new_file_xsputn";" _IO_new_file_xsputn";" /home/adve_s/sasanka/alex/release/vtune_code/MPGenc/execs/mpeg2enc_nosse";" unknown";25712
"_IO_new_file_write";" /home/adve_s/sasanka/alex/release/vtune_code/MPGenc/execs/mpeg2enc_nosse";" Thread_4000";" ";151;24042;0;0;272;3;1;" 0x20504";" _IO_new_file_write";" _IO_new_file_write";" /home/adve_s/sasanka/alex/release/vtune_code/MPGenc/execs/mpeg2enc_nosse";" unknown";25712
"__write";" /home/adve_s/sasanka/alex/release/vtune_code/MPGenc/execs/mpeg2enc_nosse";" Thread_4000";" ";23891;23891;0;0;272;1;0;" 0x165C0";" __write";" __write";" /home/adve_s/sasanka/alex/release/vtune_code/MPGenc/execs/mpeg2enc_nosse";" unknown";25712
"put_cbp";" /home/adve_s/sasanka/alex/release/vtune_code/MPGenc/execs/mpeg2enc_nosse";" Thread_4000";" ";7858;20969;0;0;69950;1;1;" 0xDC6E";" put_cbp";" put_cbp";" /home/adve_s/sasanka/alex/release/vtune_code/MPGenc/execs/mpeg2enc_nosse";" src/putvlc.c";25712
"_IO_new_fopen";" /home/adve_s/sasanka/alex/release/vtune_code/MPGenc/execs/mpeg2enc_nosse";" Thread_4000";" ";551;20771;0;0;452;3;4;" 0x1CCDC";" _IO_new_fopen";" _IO_new_fopen";" /home/adve_s/sasanka/alex/release/vtune_code/MPGenc/execs/mpeg2enc_nosse";" unknown";25712
"put_DCchrom";" /home/adve_s/sasanka/alex/release/vtune_code/MPGenc/execs/mpeg2enc_nosse";" Thread_4000";" ";4882;19825;0;0;40688;1;1;" 0xD91E";" put_DCchrom";" put_DCchrom";" /home/adve_s/sasanka/alex/release/vtune_code/MPGenc/execs/mpeg2enc_nosse";" src/putvlc.c";25712
"_IO_new_file_overflow";" /home/adve_s/sasanka/alex/release/vtune_code/MPGenc/execs/mpeg2enc_nosse";" Thread_4000";" ";215;18242;0;0;152;2;2;" 0x1FE40";" _IO_new_file_overflow";" _IO_new_file_overflow";" /home/adve_s/sasanka/alex/release/vtune_code/MPGenc/execs/mpeg2enc_nosse";" unknown";25712
"_IO_new_file_fopen";" /home/adve_s/sasanka/alex/release/vtune_code/MPGenc/execs/mpeg2enc_nosse";" Thread_4000";" ";621;17151;0;0;452;1;3;" 0x1E898";" _IO_new_file_fopen";" _IO_new_file_fopen";" /home/adve_s/sasanka/alex/release/vtune_code/MPGenc/execs/mpeg2enc_nosse";" unknown";25712
"__open";" /home/adve_s/sasanka/alex/release/vtune_code/MPGenc/execs/mpeg2enc_nosse";" Thread_4000";" ";16368;16368;0;0;452;1;0;" 0x16730";" __open";" __open";" /home/adve_s/sasanka/alex/release/vtune_code/MPGenc/execs/mpeg2enc_nosse";" unknown";25712
"__pthread_unlock";" /home/adve_s/sasanka/alex/release/vtune_code/MPGenc/execs/mpeg2enc_nosse";" Thread_4000";" ";16219;16219;0;0;149337;3;0;" 0x15D88";" __pthread_unlock";" __pthread_unlock";" /home/adve_s/sasanka/alex/release/vtune_code/MPGenc/execs/mpeg2enc_nosse";" unknown";25712
"__pthread_lock";" /home/adve_s/sasanka/alex/release/vtune_code/MPGenc/execs/mpeg2enc_nosse";" Thread_4000";" ";15481;15481;0;0;149337;3;0;" 0x15BD4";" __pthread_lock";" __pthread_lock";" /home/adve_s/sasanka/alex/release/vtune_code/MPGenc/execs/mpeg2enc_nosse";" unknown";25712
"clearblock";" /home/adve_s/sasanka/alex/release/vtune_code/MPGenc/execs/mpeg2enc_nosse";" Thread_4000";" ";12831;12831;0;0;20344;1;0;" 0xF4A0";" clearblock";" clearblock";" /home/adve_s/sasanka/alex/release/vtune_code/MPGenc/execs/mpeg2enc_nosse";" src/predict.c";25712
"_pthread_cleanup_push_defer";" /home/adve_s/sasanka/alex/release/vtune_code/MPGenc/execs/mpeg2enc_nosse";" Thread_4000";" ";10378;10378;0;0;148486;8;0;" 0x16FB4";" _pthread_cleanup_push_defer";" _pthread_cleanup_push_defer";" /home/adve_s/sasanka/alex/release/vtune_code/MPGenc/execs/mpeg2enc_nosse";" unknown";25712
"_pthread_cleanup_pop_restore";" /home/adve_s/sasanka/alex/release/vtune_code/MPGenc/execs/mpeg2enc_nosse";" Thread_4000";" ";9732;9732;0;0;148486;8;0;" 0x17040";" _pthread_cleanup_pop_restore";" _pthread_cleanup_pop_restore";" /home/adve_s/sasanka/alex/release/vtune_code/MPGenc/execs/mpeg2enc_nosse";" unknown";25712
"_IO_new_fclose";" /home/adve_s/sasanka/alex/release/vtune_code/MPGenc/execs/mpeg2enc_nosse";" Thread_4000";" ";1025;8723;0;0;453;3;9;" 0x1C8BC";" _IO_new_fclose";" _IO_new_fclose";" /home/adve_s/sasanka/alex/release/vtune_code/MPGenc/execs/mpeg2enc_nosse";" unknown";25712
"__mempcpy";" /home/adve_s/sasanka/alex/release/vtune_code/MPGenc/execs/mpeg2enc_nosse";" Thread_4000";" ";7454;7454;0;0;17852;4;0;" 0x27FD4";" __mempcpy";" __mempcpy";" /home/adve_s/sasanka/alex/release/vtune_code/MPGenc/execs/mpeg2enc_nosse";" unknown";25712
"_IO_new_file_close_it";" /home/adve_s/sasanka/alex/release/vtune_code/MPGenc/execs/mpeg2enc_nosse";" Thread_4000";" ";504;5543;0;0;453;1;6;" 0x1F680";" _IO_new_file_close_it";" _IO_new_file_close_it";" /home/adve_s/sasanka/alex/release/vtune_code/MPGenc/execs/mpeg2enc_nosse";" unknown";25712
"_IO_doallocbuf";" /home/adve_s/sasanka/alex/release/vtune_code/MPGenc/execs/mpeg2enc_nosse";" Thread_4000";" ";241;4178;0;0;452;3;1;" 0x21A58";" _IO_doallocbuf";" _IO_doallocbuf";" /home/adve_s/sasanka/alex/release/vtune_code/MPGenc/execs/mpeg2enc_nosse";" unknown";25712
"_IO_setb";" /home/adve_s/sasanka/alex/release/vtune_code/MPGenc/execs/mpeg2enc_nosse";" Thread_4000";" ";441;4033;0;0;1709;3;1;" 0x219F8";" _IO_setb";" _IO_setb";" /home/adve_s/sasanka/alex/release/vtune_code/MPGenc/execs/mpeg2enc_nosse";" unknown";25712
"_IO_file_doallocate";" /home/adve_s/sasanka/alex/release/vtune_code/MPGenc/execs/mpeg2enc_nosse";" Thread_4000";" ";373;3937;0;0;452;1;3;" 0x443B8";" _IO_file_doallocate";" _IO_file_doallocate";" /home/adve_s/sasanka/alex/release/vtune_code/MPGenc/execs/mpeg2enc_nosse";" unknown";25712
"sprintf";" /home/adve_s/sasanka/alex/release/vtune_code/MPGenc/execs/mpeg2enc_nosse";" Thread_4000";" ";186;3710;0;0;750;2;1;" 0x1C874";" sprintf";" sprintf";" /home/adve_s/sasanka/alex/release/vtune_code/MPGenc/execs/mpeg2enc_nosse";" unknown";25712
"__munmap";" /home/adve_s/sasanka/alex/release/vtune_code/MPGenc/execs/mpeg2enc_nosse";" Thread_4000";" ";3592;3592;0;0;452;1;0;" 0x28F30";" __munmap";" __munmap";" /home/adve_s/sasanka/alex/release/vtune_code/MPGenc/execs/mpeg2enc_nosse";" unknown";25712
"vsprintf";" /home/adve_s/sasanka/alex/release/vtune_code/MPGenc/execs/mpeg2enc_nosse";" Thread_4000";" ";508;3524;0;0;750;1;3;" 0x1D1AC";" vsprintf";" vsprintf";" /home/adve_s/sasanka/alex/release/vtune_code/MPGenc/execs/mpeg2enc_nosse";" unknown";25712
"putbits";" /home/adve_s/sasanka/alex/release/vtune_code/MPGenc/execs/mpeg2enc_nosse";" Thread_4000";" ";636;3159;0;0;4360;9;1;" 0x102D8";" putbits";" putbits";" /home/adve_s/sasanka/alex/release/vtune_code/MPGenc/execs/mpeg2enc_nosse";" src/putbits.c";25712
"fputc";" /home/adve_s/sasanka/alex/release/vtune_code/MPGenc/execs/mpeg2enc_nosse";" Thread_4000";" ";838;2523;0;0;2869;1;5;" 0x1E6B0";" fputc";" fputc";" /home/adve_s/sasanka/alex/release/vtune_code/MPGenc/execs/mpeg2enc_nosse";" unknown";25712
"vfprintf";" /home/adve_s/sasanka/alex/release/vtune_code/MPGenc/execs/mpeg2enc_nosse";" Thread_4000";" ";2017;2426;0;0;750;1;1;" 0x35C98";" vfprintf";" vfprintf";" /home/adve_s/sasanka/alex/release/vtune_code/MPGenc/execs/mpeg2enc_nosse";" unknown";25712
"__mmap";" /home/adve_s/sasanka/alex/release/vtune_code/MPGenc/execs/mpeg2enc_nosse";" Thread_4000";" ";2314;2314;0;0;452;1;0;" 0x28E80";" __mmap";" __mmap";" /home/adve_s/sasanka/alex/release/vtune_code/MPGenc/execs/mpeg2enc_nosse";" unknown";25712
"putpicthdr";" /home/adve_s/sasanka/alex/release/vtune_code/MPGenc/execs/mpeg2enc_nosse";" Thread_4000";" ";366;2018;0;0;150;1;3;" 0x126A";" putpicthdr";" putpicthdr";" /home/adve_s/sasanka/alex/release/vtune_code/MPGenc/execs/mpeg2enc_nosse";" src/puthdr.c";25712
"__malloc";" /lib/i686/libc.so.6";" Thread_4000";" ";1943;1943;0;0;494;7;0;" 0x73CE0";" __malloc";" __malloc";" /home/adve_s/sasanka/alex/release/vtune_code/MPGenc/execs/mpeg2enc_nosse";" unknown";25712
"putpictcodext";" /home/adve_s/sasanka/alex/release/vtune_code/MPGenc/execs/mpeg2enc_nosse";" Thread_4000";" ";237;1720;0;0;150;1;2;" 0x1346";" putpictcodext";" putpictcodext";" /home/adve_s/sasanka/alex/release/vtune_code/MPGenc/execs/mpeg2enc_nosse";" src/puthdr.c";25712
"align_bits";" /home/adve_s/sasanka/alex/release/vtune_code/MPGenc/execs/mpeg2enc_nosse";" Thread_4000";" ";705;1641;0;0;4650;2;1;" 0x10246";" align_bits";" align_bits";" /home/adve_s/sasanka/alex/release/vtune_code/MPGenc/execs/mpeg2enc_nosse";" src/putbits.c";25712
"_IO_switch_to_get_mode";" /home/adve_s/sasanka/alex/release/vtune_code/MPGenc/execs/mpeg2enc_nosse";" Thread_4000";" ";1473;1473;0;0;18751;1;0;" 0x21904";" _IO_switch_to_get_mode";" _IO_switch_to_get_mode";" /home/adve_s/sasanka/alex/release/vtune_code/MPGenc/execs/mpeg2enc_nosse";" unknown";25712
"_IO_file_stat";" /home/adve_s/sasanka/alex/release/vtune_code/MPGenc/execs/mpeg2enc_nosse";" Thread_4000";" ";212;1189;0;0;452;1;1;" 0x2049C";" _IO_file_stat";" _IO_file_stat";" /home/adve_s/sasanka/alex/release/vtune_code/MPGenc/execs/mpeg2enc_nosse";" unknown";25712
"__libc_close";" /home/adve_s/sasanka/alex/release/vtune_code/MPGenc/execs/mpeg2enc_nosse";" Thread_4000";" ";1024;1024;0;0;453;1;0;" 0x16680";" __libc_close";" __libc_close";" /home/adve_s/sasanka/alex/release/vtune_code/MPGenc/execs/mpeg2enc_nosse";" unknown";25712
"_IO_new_file_init";" /home/adve_s/sasanka/alex/release/vtune_code/MPGenc/execs/mpeg2enc_nosse";" Thread_4000";" ";135;1009;0;0;452;1;1;" 0x1F650";" _IO_new_file_init";" _IO_new_file_init";" /home/adve_s/sasanka/alex/release/vtune_code/MPGenc/execs/mpeg2enc_nosse";" unknown";25712
"___fxstat64";" /home/adve_s/sasanka/alex/release/vtune_code/MPGenc/execs/mpeg2enc_nosse";" Thread_4000";" ";977;977;0;0;452;1;0;" 0x2872C";" ___fxstat64";" ___fxstat64";" /home/adve_s/sasanka/alex/release/vtune_code/MPGenc/execs/mpeg2enc_nosse";" unknown";25712
"__free";" /lib/i686/libc.so.6";" Thread_4000";" ";932;932;0;0;460;2;0;" 0x759E0";" __free";" __free";" /home/adve_s/sasanka/alex/release/vtune_code/MPGenc/execs/mpeg2enc_nosse";" unknown";25712
"_IO_link_in";" /home/adve_s/sasanka/alex/release/vtune_code/MPGenc/execs/mpeg2enc_nosse";" Thread_4000";" ";450;930;0;0;904;2;6;" 0x21794";" _IO_link_in";" _IO_link_in";" /home/adve_s/sasanka/alex/release/vtune_code/MPGenc/execs/mpeg2enc_nosse";" unknown";25712
"_IO_default_xsputn";" /home/adve_s/sasanka/alex/release/vtune_code/MPGenc/execs/mpeg2enc_nosse";" Thread_4000";" ";369;816;0;0;2100;2;1;" 0x21B28";" _IO_default_xsputn";" _IO_default_xsputn";" /home/adve_s/sasanka/alex/release/vtune_code/MPGenc/execs/mpeg2enc_nosse";" unknown";25712
"_IO_un_link";" /home/adve_s/sasanka/alex/release/vtune_code/MPGenc/execs/mpeg2enc_nosse";" Thread_4000";" ";419;775;0;0;906;2;6;" 0x21688";" _IO_un_link";" _IO_un_link";" /home/adve_s/sasanka/alex/release/vtune_code/MPGenc/execs/mpeg2enc_nosse";" unknown";25712
"_IO_no_init";" /home/adve_s/sasanka/alex/release/vtune_code/MPGenc/execs/mpeg2enc_nosse";" Thread_4000";" ";408;534;0;0;1256;3;3;" 0x21F40";" _IO_no_init";" _IO_no_init";" /home/adve_s/sasanka/alex/release/vtune_code/MPGenc/execs/mpeg2enc_nosse";" unknown";25712
"readparmfile";" /home/adve_s/sasanka/alex/release/vtune_code/MPGenc/execs/mpeg2enc_nosse";" Thread_4000";" ";26;480;0;0;1;1;7;" 0xC4DC";" readparmfile";" readparmfile";" /home/adve_s/sasanka/alex/release/vtune_code/MPGenc/execs/mpeg2enc_nosse";" src/mpeg2enc.c";25712
"_IO_str_init_static";" /home/adve_s/sasanka/alex/release/vtune_code/MPGenc/execs/mpeg2enc_nosse";" Thread_4000";" ";326;426;0;0;804;2;1;" 0x22A18";" _IO_str_init_static";" _IO_str_init_static";" /home/adve_s/sasanka/alex/release/vtune_code/MPGenc/execs/mpeg2enc_nosse";" unknown";25712
"alignbits";" /home/adve_s/sasanka/alex/release/vtune_code/MPGenc/execs/mpeg2enc_nosse";" Thread_4000";" ";83;401;0;0;468;9;1;" 0x1036E";" alignbits";" alignbits";" /home/adve_s/sasanka/alex/release/vtune_code/MPGenc/execs/mpeg2enc_nosse";" src/putbits.c";25712
"border_extend";" /home/adve_s/sasanka/alex/release/vtune_code/MPGenc/execs/mpeg2enc_nosse";" Thread_4000";" ";330;330;0;0;450;1;0;" 0x1CF4";" border_extend";" border_extend";" /home/adve_s/sasanka/alex/release/vtune_code/MPGenc/execs/mpeg2enc_nosse";" src/readpic.c";25712
"sscanf";" /home/adve_s/sasanka/alex/release/vtune_code/MPGenc/execs/mpeg2enc_nosse";" Thread_4000";" ";1;292;0;0;54;1;1;" 0x1C8A4";" sscanf";" sscanf";" /home/adve_s/sasanka/alex/release/vtune_code/MPGenc/execs/mpeg2enc_nosse";" unknown";25712
"__vsscanf";" /home/adve_s/sasanka/alex/release/vtune_code/MPGenc/execs/mpeg2enc_nosse";" Thread_4000";" ";11;291;0;0;54;1;3;" 0x1D230";" __vsscanf";" __vsscanf";" /home/adve_s/sasanka/alex/release/vtune_code/MPGenc/execs/mpeg2enc_nosse";" unknown";25712
"_IO_vfscanf";" /home/adve_s/sasanka/alex/release/vtune_code/MPGenc/execs/mpeg2enc_nosse";" Thread_4000";" ";221;265;0;0;54;1;7;" 0x3E244";" _IO_vfscanf";" _IO_vfscanf";" /home/adve_s/sasanka/alex/release/vtune_code/MPGenc/execs/mpeg2enc_nosse";" unknown";25712
"calc_vbv_delay";" /home/adve_s/sasanka/alex/release/vtune_code/MPGenc/execs/mpeg2enc_nosse";" Thread_4000";" ";173;186;0;0;150;1;1;" 0x10EB8";" calc_vbv_delay";" calc_vbv_delay";" /home/adve_s/sasanka/alex/release/vtune_code/MPGenc/execs/mpeg2enc_nosse";" src/ratectl.c";25712
"init";" /home/adve_s/sasanka/alex/release/vtune_code/MPGenc/execs/mpeg2enc_nosse";" Thread_4000";" ";13;180;0;0;1;1;3;" 0xC08C";" init";" init";" /home/adve_s/sasanka/alex/release/vtune_code/MPGenc/execs/mpeg2enc_nosse";" src/mpeg2enc.c";25712
"_IO_default_finish";" /home/adve_s/sasanka/alex/release/vtune_code/MPGenc/execs/mpeg2enc_nosse";" Thread_4000";" ";140;140;0;0;453;1;0;" 0x22070";" _IO_default_finish";" _IO_default_finish";" /home/adve_s/sasanka/alex/release/vtune_code/MPGenc/execs/mpeg2enc_nosse";" unknown";25712
"putgophdr";" /home/adve_s/sasanka/alex/release/vtune_code/MPGenc/execs/mpeg2enc_nosse";" Thread_4000";" ";19;116;0;0;13;1;3;" 0x112E";" putgophdr";" putgophdr";" /home/adve_s/sasanka/alex/release/vtune_code/MPGenc/execs/mpeg2enc_nosse";" src/puthdr.c";25712
"strstr";" /home/adve_s/sasanka/alex/release/vtune_code/MPGenc/execs/mpeg2enc_nosse";" Thread_4000";" ";106;106;0;0;453;2;0;" 0x27CAC";" strstr";" strstr";" /home/adve_s/sasanka/alex/release/vtune_code/MPGenc/execs/mpeg2enc_nosse";" unknown";25712
"__libc_init_first";" /home/adve_s/sasanka/alex/release/vtune_code/MPGenc/execs/mpeg2enc_nosse";" Thread_4000";" ";4;86;0;0;1;1;3;" 0x2979C";" __libc_init_first";" __libc_init_first";" /home/adve_s/sasanka/alex/release/vtune_code/MPGenc/execs/mpeg2enc_nosse";" unknown";25712
"fgets";" /home/adve_s/sasanka/alex/release/vtune_code/MPGenc/execs/mpeg2enc_nosse";" Thread_4000";" ";28;81;0;0;55;1;5;" 0x1CACC";" fgets";" fgets";" /home/adve_s/sasanka/alex/release/vtune_code/MPGenc/execs/mpeg2enc_nosse";" unknown";25712
"_dl_non_dynamic_init";" /home/adve_s/sasanka/alex/release/vtune_code/MPGenc/execs/mpeg2enc_nosse";" Thread_4000";" ";7;73;0;0;1;1;2;" 0x29544";" _dl_non_dynamic_init";" _dl_non_dynamic_init";" /home/adve_s/sasanka/alex/release/vtune_code/MPGenc/execs/mpeg2enc_nosse";" unknown";25712
"_IO_unsave_markers";" /home/adve_s/sasanka/alex/release/vtune_code/MPGenc/execs/mpeg2enc_nosse";" Thread_4000";" ";68;68;0;0;453;1;0;" 0x22600";" _IO_unsave_markers";" _IO_unsave_markers";" /home/adve_s/sasanka/alex/release/vtune_code/MPGenc/execs/mpeg2enc_nosse";" unknown";25712
"writeframe";" /home/adve_s/sasanka/alex/release/vtune_code/MPGenc/execs/mpeg2enc_nosse";" Thread_4000";" ";66;66;0;0;150;1;0;" 0xDFC4";" writeframe";" writeframe";" /home/adve_s/sasanka/alex/release/vtune_code/MPGenc/execs/mpeg2enc_nosse";" src/writepic.c";25712
"_dl_init_paths";" /home/adve_s/sasanka/alex/release/vtune_code/MPGenc/execs/mpeg2enc_nosse";" Thread_4000";" ";12;60;0;0;1;1;4;" 0x48E18";" _dl_init_paths";" _dl_init_paths";" /home/adve_s/sasanka/alex/release/vtune_code/MPGenc/execs/mpeg2enc_nosse";" unknown";25712
"_IO_getline_info";" /home/adve_s/sasanka/alex/release/vtune_code/MPGenc/execs/mpeg2enc_nosse";" Thread_4000";" ";7;52;0;0;55;1;3;" 0x1D04C";" _IO_getline_info";" _IO_getline_info";" /home/adve_s/sasanka/alex/release/vtune_code/MPGenc/execs/mpeg2enc_nosse";" unknown";25712
"_IO_getline";" /home/adve_s/sasanka/alex/release/vtune_code/MPGenc/execs/mpeg2enc_nosse";" Thread_4000";" ";0;52;0;0;55;1;1;" 0x1D18C";" _IO_getline";" _IO_getline";" /home/adve_s/sasanka/alex/release/vtune_code/MPGenc/execs/mpeg2enc_nosse";" unknown";25712
"__overflow";" /home/adve_s/sasanka/alex/release/vtune_code/MPGenc/execs/mpeg2enc_nosse";" Thread_4000";" ";0;51;0;0;2;1;1;" 0x219CC";" __overflow";" __overflow";" /home/adve_s/sasanka/alex/release/vtune_code/MPGenc/execs/mpeg2enc_nosse";" unknown";25712
"_intel_fast_memcpy.J";" /home/adve_s/sasanka/alex/release/vtune_code/MPGenc/execs/mpeg2enc_nosse";" Thread_4000";" ";47;49;0;0;8;1;1;" 0x19508";" _intel_fast_memcpy.J";" _intel_fast_memcpy.J";" /home/adve_s/sasanka/alex/release/vtune_code/MPGenc/execs/mpeg2enc_nosse";" unknown";25712
"__pthread_mutexattr_settype";" /home/adve_s/sasanka/alex/release/vtune_code/MPGenc/execs/mpeg2enc_nosse";" Thread_4000";" ";47;47;0;0;452;1;0;" 0x188A0";" __pthread_mutexattr_settype";" __pthread_mutexattr_settype";" /home/adve_s/sasanka/alex/release/vtune_code/MPGenc/execs/mpeg2enc_nosse";" unknown";25712
"__uflow";" /home/adve_s/sasanka/alex/release/vtune_code/MPGenc/execs/mpeg2enc_nosse";" Thread_4000";" ";1;45;0;0;1;1;1;" 0x20F08";" __uflow";" __uflow";" /home/adve_s/sasanka/alex/release/vtune_code/MPGenc/execs/mpeg2enc_nosse";" unknown";25712
"_IO_default_uflow";" /home/adve_s/sasanka/alex/release/vtune_code/MPGenc/execs/mpeg2enc_nosse";" Thread_4000";" ";0;44;0;0;1;1;1;" 0x21AF8";" _IO_default_uflow";" _IO_default_uflow";" /home/adve_s/sasanka/alex/release/vtune_code/MPGenc/execs/mpeg2enc_nosse";" unknown";25712
"__pthread_mutexattr_init";" /home/adve_s/sasanka/alex/release/vtune_code/MPGenc/execs/mpeg2enc_nosse";" Thread_4000";" ";40;40;0;0;452;1;0;" 0x18888";" __pthread_mutexattr_init";" __pthread_mutexattr_init";" /home/adve_s/sasanka/alex/release/vtune_code/MPGenc/execs/mpeg2enc_nosse";" unknown";25712
"__pthread_mutexattr_destroy";" /home/adve_s/sasanka/alex/release/vtune_code/MPGenc/execs/mpeg2enc_nosse";" Thread_4000";" ";39;39;0;0;452;1;0;" 0x18898";" __pthread_mutexattr_destroy";" __pthread_mutexattr_destroy";" /home/adve_s/sasanka/alex/release/vtune_code/MPGenc/execs/mpeg2enc_nosse";" unknown";25712
"__libc_csu_init";" /home/adve_s/sasanka/alex/release/vtune_code/MPGenc/execs/mpeg2enc_nosse";" Thread_4000";" ";5;37;0;0;1;1;3;" 0x1BD58";" __libc_csu_init";" __libc_csu_init";" /home/adve_s/sasanka/alex/release/vtune_code/MPGenc/execs/mpeg2enc_nosse";" unknown";25712
"fillin_rpath";" /home/adve_s/sasanka/alex/release/vtune_code/MPGenc/execs/mpeg2enc_nosse";" Thread_4000";" ";20;35;0;0;1;1;3;" 0x49E04";" fillin_rpath";" fillin_rpath";" /home/adve_s/sasanka/alex/release/vtune_code/MPGenc/execs/mpeg2enc_nosse";" unknown";25712
"__icrt_do_global_construction";" /home/adve_s/sasanka/alex/release/vtune_code/MPGenc/execs/mpeg2enc_nosse";" Thread_4000";" ";4;32;0;0;1;1;1;" 0x63EF0";" __icrt_do_global_construction";" __icrt_do_global_construction";" /home/adve_s/sasanka/alex/release/vtune_code/MPGenc/execs/mpeg2enc_nosse";" unknown";25712
"__icrt_init";" /home/adve_s/sasanka/alex/release/vtune_code/MPGenc/execs/mpeg2enc_nosse";" Thread_4000";" ";0;32;0;0;1;1;1;" 0x63F30";" __icrt_init";" __icrt_init";" /home/adve_s/sasanka/alex/release/vtune_code/MPGenc/execs/mpeg2enc_nosse";" unknown";25712
"exit";" /home/adve_s/sasanka/alex/release/vtune_code/MPGenc/execs/mpeg2enc_nosse";" Thread_4000";" ";26;29;0;0;1;1;3;" 0x1C500";" exit";" exit";" /home/adve_s/sasanka/alex/release/vtune_code/MPGenc/execs/mpeg2enc_nosse";" unknown";25712
"pthread_initialize";" /home/adve_s/sasanka/alex/release/vtune_code/MPGenc/execs/mpeg2enc_nosse";" Thread_4000";" ";19;28;0;0;1;1;10;" 0x14738";" pthread_initialize";" pthread_initialize";" /home/adve_s/sasanka/alex/release/vtune_code/MPGenc/execs/mpeg2enc_nosse";" unknown";25712
"__pthread_initialize_minimal";" /home/adve_s/sasanka/alex/release/vtune_code/MPGenc/execs/mpeg2enc_nosse";" Thread_4000";" ";9;28;0;0;1;1;1;" 0x13D50";" __pthread_initialize_minimal";" __pthread_initialize_minimal";" /home/adve_s/sasanka/alex/release/vtune_code/MPGenc/execs/mpeg2enc_nosse";" unknown";25712
"__strtod_internal";" /home/adve_s/sasanka/alex/release/vtune_code/MPGenc/execs/mpeg2enc_nosse";" Thread_4000";" ";20;26;0;0;2;1;6;" 0x54360";" __strtod_internal";" __strtod_internal";" /home/adve_s/sasanka/alex/release/vtune_code/MPGenc/execs/mpeg2enc_nosse";" unknown";25712
"putuserdata";" /home/adve_s/sasanka/alex/release/vtune_code/MPGenc/execs/mpeg2enc_nosse";" Thread_4000";" ";1;23;0;0;1;1;2;" 0x10F2";" putuserdata";" putuserdata";" /home/adve_s/sasanka/alex/release/vtune_code/MPGenc/execs/mpeg2enc_nosse";" src/puthdr.c";25712
"__uselocale";" /home/adve_s/sasanka/alex/release/vtune_code/MPGenc/execs/mpeg2enc_nosse";" Thread_4000";" ";7;19;0;0;1;1;2;" 0x1BD70";" __uselocale";" __uselocale";" /home/adve_s/sasanka/alex/release/vtune_code/MPGenc/execs/mpeg2enc_nosse";" unknown";25712
"__libc_pthread_init";" /home/adve_s/sasanka/alex/release/vtune_code/MPGenc/execs/mpeg2enc_nosse";" Thread_4000";" ";0;19;0;0;1;1;1;" 0x291A4";" __libc_pthread_init";" __libc_pthread_init";" /home/adve_s/sasanka/alex/release/vtune_code/MPGenc/execs/mpeg2enc_nosse";" unknown";25712
"bitcount";" /home/adve_s/sasanka/alex/release/vtune_code/MPGenc/execs/mpeg2enc_nosse";" Thread_4000";" ";13;13;0;0;150;1;0;" 0x10384";" bitcount";" bitcount";" /home/adve_s/sasanka/alex/release/vtune_code/MPGenc/execs/mpeg2enc_nosse";" src/putbits.c";25712
"putseqhdr";" /home/adve_s/sasanka/alex/release/vtune_code/MPGenc/execs/mpeg2enc_nosse";" Thread_4000";" ";1;13;0;0;1;1;2;" 0xE00";" putseqhdr";" putseqhdr";" /home/adve_s/sasanka/alex/release/vtune_code/MPGenc/execs/mpeg2enc_nosse";" src/fdctref.c";25712
"__cxa_atexit";" /home/adve_s/sasanka/alex/release/vtune_code/MPGenc/execs/mpeg2enc_nosse";" Thread_4000";" ";8;12;0;0;2;1;2;" 0x1C5E4";" __cxa_atexit";" __cxa_atexit";" /home/adve_s/sasanka/alex/release/vtune_code/MPGenc/execs/mpeg2enc_nosse";" unknown";25712
"has_osfxsr_set";" /home/adve_s/sasanka/alex/release/vtune_code/MPGenc/execs/mpeg2enc_nosse";" Thread_4000";" ";1;12;0;0;1;1;4;" 0x1B4C2";" has_osfxsr_set";" has_osfxsr_set";" /home/adve_s/sasanka/alex/release/vtune_code/MPGenc/execs/mpeg2enc_nosse";" unknown";25712
"__intel_proc_init";" /home/adve_s/sasanka/alex/release/vtune_code/MPGenc/execs/mpeg2enc_nosse";" Thread_4000";" ";0;12;0;0;2;1;1;" 0x19722";" __intel_proc_init";" __intel_proc_init";" /home/adve_s/sasanka/alex/release/vtune_code/MPGenc/execs/mpeg2enc_nosse";" unknown";25712
"__intel_cpu_indicator_init";" /home/adve_s/sasanka/alex/release/vtune_code/MPGenc/execs/mpeg2enc_nosse";" Thread_4000";" ";0;12;0;0;1;1;1;" 0x1B580";" __intel_cpu_indicator_init";" __intel_cpu_indicator_init";" /home/adve_s/sasanka/alex/release/vtune_code/MPGenc/execs/mpeg2enc_nosse";" unknown";25712
"__pthread_internal_tsd_address";" /home/adve_s/sasanka/alex/release/vtune_code/MPGenc/execs/mpeg2enc_nosse";" Thread_4000";" ";11;11;0;0;724;3;0;" 0x152CC";" __pthread_internal_tsd_address";" __pthread_internal_tsd_address";" /home/adve_s/sasanka/alex/release/vtune_code/MPGenc/execs/mpeg2enc_nosse";" unknown";25712
"__pthread_sigaction";" /home/adve_s/sasanka/alex/release/vtune_code/MPGenc/execs/mpeg2enc_nosse";" Thread_4000";" ";9;11;0;0;2;1;1;" 0x14C3C";" __pthread_sigaction";" __pthread_sigaction";" /home/adve_s/sasanka/alex/release/vtune_code/MPGenc/execs/mpeg2enc_nosse";" unknown";25712
"__sigaction";" /home/adve_s/sasanka/alex/release/vtune_code/MPGenc/execs/mpeg2enc_nosse";" Thread_4000";" ";0;11;0;0;2;1;1;" 0x1C1B4";" __sigaction";" __sigaction";" /home/adve_s/sasanka/alex/release/vtune_code/MPGenc/execs/mpeg2enc_nosse";" unknown";25712
"__pthread_internal_tsd_set";" /home/adve_s/sasanka/alex/release/vtune_code/MPGenc/execs/mpeg2enc_nosse";" Thread_4000";" ";9;9;0;0;4;1;0;" 0x15208";" __pthread_internal_tsd_set";" __pthread_internal_tsd_set";" /home/adve_s/sasanka/alex/release/vtune_code/MPGenc/execs/mpeg2enc_nosse";" unknown";25712
"__libc_init_secure";" /home/adve_s/sasanka/alex/release/vtune_code/MPGenc/execs/mpeg2enc_nosse";" Thread_4000";" ";8;9;0;0;1;1;4;" 0x29760";" __libc_init_secure";" __libc_init_secure";" /home/adve_s/sasanka/alex/release/vtune_code/MPGenc/execs/mpeg2enc_nosse";" unknown";25712
"__strsep_g";" /home/adve_s/sasanka/alex/release/vtune_code/MPGenc/execs/mpeg2enc_nosse";" Thread_4000";" ";6;9;0;0;7;1;1;" 0x5B798";" __strsep_g";" __strsep_g";" /home/adve_s/sasanka/alex/release/vtune_code/MPGenc/execs/mpeg2enc_nosse";" unknown";25712
"rc_init_GOP";" /home/adve_s/sasanka/alex/release/vtune_code/MPGenc/execs/mpeg2enc_nosse";" Thread_4000";" ";7;7;0;0;13;1;0;" 0x105AA";" rc_init_GOP";" rc_init_GOP";" /home/adve_s/sasanka/alex/release/vtune_code/MPGenc/execs/mpeg2enc_nosse";" src/ratectl.c";25712
"_dl_important_hwcaps";" /home/adve_s/sasanka/alex/release/vtune_code/MPGenc/execs/mpeg2enc_nosse";" Thread_4000";" ";7;7;0;0;1;1;0;" 0x29738";" _dl_important_hwcaps";" _dl_important_hwcaps";" /home/adve_s/sasanka/alex/release/vtune_code/MPGenc/execs/mpeg2enc_nosse";" unknown";25712
"__strtol_internal";" /home/adve_s/sasanka/alex/release/vtune_code/MPGenc/execs/mpeg2enc_nosse";" Thread_4000";" ";7;7;0;0;75;1;1;" 0x34C30";" __strtol_internal";" __strtol_internal";" /home/adve_s/sasanka/alex/release/vtune_code/MPGenc/execs/mpeg2enc_nosse";" unknown";25712
"getenv";" /home/adve_s/sasanka/alex/release/vtune_code/MPGenc/execs/mpeg2enc_nosse";" Thread_4000";" ";6;6;0;0;6;1;1;" 0x3474C";" getenv";" getenv";" /home/adve_s/sasanka/alex/release/vtune_code/MPGenc/execs/mpeg2enc_nosse";" unknown";25712
"str_to_mpn";" /home/adve_s/sasanka/alex/release/vtune_code/MPGenc/execs/mpeg2enc_nosse";" Thread_4000";" ";6;6;0;0;1;1;0;" 0x56D04";" str_to_mpn";" str_to_mpn";" /home/adve_s/sasanka/alex/release/vtune_code/MPGenc/execs/mpeg2enc_nosse";" unknown";25712
"__sysctl";" /home/adve_s/sasanka/alex/release/vtune_code/MPGenc/execs/mpeg2enc_nosse";" Thread_4000";" ";5;5;0;0;1;1;0;" 0x28F74";" __sysctl";" __sysctl";" /home/adve_s/sasanka/alex/release/vtune_code/MPGenc/execs/mpeg2enc_nosse";" unknown";25712
"init_fdct";" /home/adve_s/sasanka/alex/release/vtune_code/MPGenc/execs/mpeg2enc_nosse";" Thread_4000";" ";5;5;0;0;1;1;0;" 0xBCC";" init_fdct";" init_fdct";" /home/adve_s/sasanka/alex/release/vtune_code/MPGenc/execs/mpeg2enc_nosse";" src/fdctref.c";25712
"range_checks";" /home/adve_s/sasanka/alex/release/vtune_code/MPGenc/execs/mpeg2enc_nosse";" Thread_4000";" ";4;4;0;0;1;1;0;" 0x228";" range_checks";" range_checks";" /home/adve_s/sasanka/alex/release/vtune_code/MPGenc/execs/mpeg2enc_nosse";" src/conform.c";25712
"__libc_sigaction";" /home/adve_s/sasanka/alex/release/vtune_code/MPGenc/execs/mpeg2enc_nosse";" Thread_4000";" ";4;4;0;0;5;2;0;" 0x1C0C0";" __libc_sigaction";" __libc_sigaction";" /home/adve_s/sasanka/alex/release/vtune_code/MPGenc/execs/mpeg2enc_nosse";" unknown";25712
"__pthread_alt_lock";" /home/adve_s/sasanka/alex/release/vtune_code/MPGenc/execs/mpeg2enc_nosse";" Thread_4000";" ";4;4;0;0;4;3;1;" 0x15E60";" __pthread_alt_lock";" __pthread_alt_lock";" /home/adve_s/sasanka/alex/release/vtune_code/MPGenc/execs/mpeg2enc_nosse";" unknown";25712
"frametotc";" /home/adve_s/sasanka/alex/release/vtune_code/MPGenc/execs/mpeg2enc_nosse";" Thread_4000";" ";4;4;0;0;13;1;0;" 0x116E";" frametotc";" frametotc";" /home/adve_s/sasanka/alex/release/vtune_code/MPGenc/execs/mpeg2enc_nosse";" src/puthdr.c";25712
"putseqext";" /home/adve_s/sasanka/alex/release/vtune_code/MPGenc/execs/mpeg2enc_nosse";" Thread_4000";" ";3;3;0;0;1;1;2;" 0xF58";" putseqext";" putseqext";" /home/adve_s/sasanka/alex/release/vtune_code/MPGenc/execs/mpeg2enc_nosse";" src/puthdr.c";25712
"strpbrk";" /home/adve_s/sasanka/alex/release/vtune_code/MPGenc/execs/mpeg2enc_nosse";" Thread_4000";" ";3;3;0;0;6;1;0;" 0x600D0";" strpbrk";" strpbrk";" /home/adve_s/sasanka/alex/release/vtune_code/MPGenc/execs/mpeg2enc_nosse";" unknown";25712
"__pthread_internal_tsd_get";" /home/adve_s/sasanka/alex/release/vtune_code/MPGenc/execs/mpeg2enc_nosse";" Thread_4000";" ";3;3;0;0;111;3;0;" 0x1526C";" __pthread_internal_tsd_get";" __pthread_internal_tsd_get";" /home/adve_s/sasanka/alex/release/vtune_code/MPGenc/execs/mpeg2enc_nosse";" unknown";25712
"do_fcntl";" /home/adve_s/sasanka/alex/release/vtune_code/MPGenc/execs/mpeg2enc_nosse";" Thread_4000";" ";3;3;0;0;3;1;0;" 0x289A0";" do_fcntl";" do_fcntl";" /home/adve_s/sasanka/alex/release/vtune_code/MPGenc/execs/mpeg2enc_nosse";" unknown";25712
"_dl_aux_init";" /home/adve_s/sasanka/alex/release/vtune_code/MPGenc/execs/mpeg2enc_nosse";" Thread_4000";" ";3;3;0;0;1;1;0;" 0x294EC";" _dl_aux_init";" _dl_aux_init";" /home/adve_s/sasanka/alex/release/vtune_code/MPGenc/execs/mpeg2enc_nosse";" unknown";25712
"__libc_fcntl";" /home/adve_s/sasanka/alex/release/vtune_code/MPGenc/execs/mpeg2enc_nosse";" Thread_4000";" ";0;3;0;0;3;1;1;" 0x28954";" __libc_fcntl";" __libc_fcntl";" /home/adve_s/sasanka/alex/release/vtune_code/MPGenc/execs/mpeg2enc_nosse";" unknown";25712
"__libc_check_standard_fds";" /home/adve_s/sasanka/alex/release/vtune_code/MPGenc/execs/mpeg2enc_nosse";" Thread_4000";" ";0;3;0;0;1;1;1;" 0x1BC04";" __libc_check_standard_fds";" __libc_check_standard_fds";" /home/adve_s/sasanka/alex/release/vtune_code/MPGenc/execs/mpeg2enc_nosse";" unknown";25712
"__cxa_finalize";" /lib/i686/libc.so.6";" Thread_4000";" ";2;2;0;0;2;1;0;" 0x2AF50";" __cxa_finalize";" __cxa_finalize";" /home/adve_s/sasanka/alex/release/vtune_code/MPGenc/execs/mpeg2enc_nosse";" unknown";25712
"__uname";" /home/adve_s/sasanka/alex/release/vtune_code/MPGenc/execs/mpeg2enc_nosse";" Thread_4000";" ";2;2;0;0;1;1;0;" 0x285C0";" __uname";" __uname";" /home/adve_s/sasanka/alex/release/vtune_code/MPGenc/execs/mpeg2enc_nosse";" unknown";25712
"init_mem_ops_method";" /home/adve_s/sasanka/alex/release/vtune_code/MPGenc/execs/mpeg2enc_nosse";" Thread_4000";" ";2;2;0;0;1;1;0;" 0x1B7C2";" init_mem_ops_method";" init_mem_ops_method";" /home/adve_s/sasanka/alex/release/vtune_code/MPGenc/execs/mpeg2enc_nosse";" unknown";25712
"__intel_proc_init.H";" /home/adve_s/sasanka/alex/release/vtune_code/MPGenc/execs/mpeg2enc_nosse";" Thread_4000";" ";1;2;0;0;1;1;1;" 0x19718";" __intel_proc_init.H";" __intel_proc_init.H";" /home/adve_s/sasanka/alex/release/vtune_code/MPGenc/execs/mpeg2enc_nosse";" unknown";25712
"initbits";" /home/adve_s/sasanka/alex/release/vtune_code/MPGenc/execs/mpeg2enc_nosse";" Thread_4000";" ";0;2;0;0;1;1;1;" 0x1029A";" initbits";" initbits";" /home/adve_s/sasanka/alex/release/vtune_code/MPGenc/execs/mpeg2enc_nosse";" src/putbits.c";25712
"__geteuid";" /home/adve_s/sasanka/alex/release/vtune_code/MPGenc/execs/mpeg2enc_nosse";" Thread_4000";" ";1;1;0;0;1;1;0;" 0x28624";" __geteuid";" __geteuid";" /home/adve_s/sasanka/alex/release/vtune_code/MPGenc/execs/mpeg2enc_nosse";" unknown";25712
"__icrt_terminate";" /home/adve_s/sasanka/alex/release/vtune_code/MPGenc/execs/mpeg2enc_nosse";" Thread_4000";" ";1;1;0;0;1;1;4;" 0x1E4";" __icrt_terminate";" __icrt_terminate";" /home/adve_s/sasanka/alex/release/vtune_code/MPGenc/execs/mpeg2enc_nosse";" unknown";25712
"__new_getrlimit";" /home/adve_s/sasanka/alex/release/vtune_code/MPGenc/execs/mpeg2enc_nosse";" Thread_4000";" ";1;1;0;0;1;1;0;" 0x28C58";" __new_getrlimit";" __new_getrlimit";" /home/adve_s/sasanka/alex/release/vtune_code/MPGenc/execs/mpeg2enc_nosse";" unknown";25712
"__sigprocmask";" /home/adve_s/sasanka/alex/release/vtune_code/MPGenc/execs/mpeg2enc_nosse";" Thread_4000";" ";1;1;0;0;2;2;0;" 0x1C2C4";" __sigprocmask";" __sigprocmask";" /home/adve_s/sasanka/alex/release/vtune_code/MPGenc/execs/mpeg2enc_nosse";" unknown";25712
"__intel_proc_init_ftzdaz";" /home/adve_s/sasanka/alex/release/vtune_code/MPGenc/execs/mpeg2enc_nosse";" Thread_4000";" ";1;1;0;0;1;1;1;" 0x1974A";" __intel_proc_init_ftzdaz";" __intel_proc_init_ftzdaz";" /home/adve_s/sasanka/alex/release/vtune_code/MPGenc/execs/mpeg2enc_nosse";" unknown";25712
"putseqend";" /home/adve_s/sasanka/alex/release/vtune_code/MPGenc/execs/mpeg2enc_nosse";" Thread_4000";" ";0;1;0;0;1;1;2;" 0x143E";" putseqend";" putseqend";" /home/adve_s/sasanka/alex/release/vtune_code/MPGenc/execs/mpeg2enc_nosse";" src/puthdr.c";25712
"__libc_csu_fini";" /home/adve_s/sasanka/alex/release/vtune_code/MPGenc/execs/mpeg2enc_nosse";" Thread_4000";" ";0;1;0;0;1;1;1;" 0x1BD64";" __libc_csu_fini";" __libc_csu_fini";" /home/adve_s/sasanka/alex/release/vtune_code/MPGenc/execs/mpeg2enc_nosse";" unknown";25712
"__setfpucw";" /home/adve_s/sasanka/alex/release/vtune_code/MPGenc/execs/mpeg2enc_nosse";" Thread_4000";" ";0;0;0;0;1;1;0;" 0x3425C";" __setfpucw";" __setfpucw";" /home/adve_s/sasanka/alex/release/vtune_code/MPGenc/execs/mpeg2enc_nosse";" unknown";25712
"readquantmat";" /home/adve_s/sasanka/alex/release/vtune_code/MPGenc/execs/mpeg2enc_nosse";" Thread_4000";" ";0;0;0;0;1;1;0;" 0xD73C";" readquantmat";" readquantmat";" /home/adve_s/sasanka/alex/release/vtune_code/MPGenc/execs/mpeg2enc_nosse";" src/mpeg2enc.c";25712
"_IO_sputbackc";" /home/adve_s/sasanka/alex/release/vtune_code/MPGenc/execs/mpeg2enc_nosse";" Thread_4000";" ";0;0;0;0;164;1;0;" 0x22220";" _IO_sputbackc";" _IO_sputbackc";" /home/adve_s/sasanka/alex/release/vtune_code/MPGenc/execs/mpeg2enc_nosse";" unknown";25712
"sigemptyset";" /home/adve_s/sasanka/alex/release/vtune_code/MPGenc/execs/mpeg2enc_nosse";" Thread_4000";" ";0;0;0;0;3;1;1;" 0x1C3AC";" sigemptyset";" sigemptyset";" /home/adve_s/sasanka/alex/release/vtune_code/MPGenc/execs/mpeg2enc_nosse";" unknown";25712
"__getpid";" /home/adve_s/sasanka/alex/release/vtune_code/MPGenc/execs/mpeg2enc_nosse";" Thread_4000";" ";0;0;0;0;1;1;0;" 0x285F0";" __getpid";" __getpid";" /home/adve_s/sasanka/alex/release/vtune_code/MPGenc/execs/mpeg2enc_nosse";" unknown";25712
"__on_exit";" /home/adve_s/sasanka/alex/release/vtune_code/MPGenc/execs/mpeg2enc_nosse";" Thread_4000";" ";0;0;0;0;1;1;1;" 0x1C5B8";" __on_exit";" __on_exit";" /home/adve_s/sasanka/alex/release/vtune_code/MPGenc/execs/mpeg2enc_nosse";" unknown";25712
"sigfillset";" /home/adve_s/sasanka/alex/release/vtune_code/MPGenc/execs/mpeg2enc_nosse";" Thread_4000";" ";0;0;0;0;1;1;1;" 0x1C3E4";" sigfillset";" sigfillset";" /home/adve_s/sasanka/alex/release/vtune_code/MPGenc/execs/mpeg2enc_nosse";" unknown";25712
"sigaddset";" /home/adve_s/sasanka/alex/release/vtune_code/MPGenc/execs/mpeg2enc_nosse";" Thread_4000";" ";0;0;0;0;1;1;0;" 0x1C41C";" sigaddset";" sigaddset";" /home/adve_s/sasanka/alex/release/vtune_code/MPGenc/execs/mpeg2enc_nosse";" unknown";25712
"strncmp";" /home/adve_s/sasanka/alex/release/vtune_code/MPGenc/execs/mpeg2enc_nosse";" Thread_4000";" ";0;0;0;0;6;1;0;" 0x45D9C";" strncmp";" strncmp";" /home/adve_s/sasanka/alex/release/vtune_code/MPGenc/execs/mpeg2enc_nosse";" unknown";25712
"call_gmon_start";" /home/adve_s/sasanka/alex/release/vtune_code/MPGenc/execs/mpeg2enc_nosse";" Thread_4000";" ";0;0;0;0;1;1;0;" 0x104";" call_gmon_start";" call_gmon_start";" /home/adve_s/sasanka/alex/release/vtune_code/MPGenc/execs/mpeg2enc_nosse";" /tmp/ccwnZxRN.s";25712
"__new_exitfn";" /home/adve_s/sasanka/alex/release/vtune_code/MPGenc/execs/mpeg2enc_nosse";" Thread_4000";" ";0;0;0;0;1;1;2;" 0x1C6E8";" __new_exitfn";" __new_exitfn";" /home/adve_s/sasanka/alex/release/vtune_code/MPGenc/execs/mpeg2enc_nosse";" unknown";25712
"__cxa_finalize";" /home/adve_s/sasanka/alex/release/vtune_code/MPGenc/execs/mpeg2enc_nosse";" Thread_4000";" ";0;0;0;0;1;1;0;" 0x1C7C0";" __cxa_finalize";" __cxa_finalize";" /home/adve_s/sasanka/alex/release/vtune_code/MPGenc/execs/mpeg2enc_nosse";" unknown";25712
"_intel_fast_memcpy";" /home/adve_s/sasanka/alex/release/vtune_code/MPGenc/execs/mpeg2enc_nosse";" Thread_4000";" ";0;0;0;0;8;1;0;" 0x1950E";" _intel_fast_memcpy";" _intel_fast_memcpy";" /home/adve_s/sasanka/alex/release/vtune_code/MPGenc/execs/mpeg2enc_nosse";" unknown";25712
"__mpn_rshift";" /home/adve_s/sasanka/alex/release/vtune_code/MPGenc/execs/mpeg2enc_nosse";" Thread_4000";" ";0;0;0;0;1;1;0;" 0x5A2E0";" __mpn_rshift";" __mpn_rshift";" /home/adve_s/sasanka/alex/release/vtune_code/MPGenc/execs/mpeg2enc_nosse";" unknown";25712
"__mpn_construct_double";" /home/adve_s/sasanka/alex/release/vtune_code/MPGenc/execs/mpeg2enc_nosse";" Thread_4000";" ";0;0;0;0;1;1;0;" 0x5B164";" __mpn_construct_double";" __mpn_construct_double";" /home/adve_s/sasanka/alex/release/vtune_code/MPGenc/execs/mpeg2enc_nosse";" unknown";25712
"rc_init_seq";" /home/adve_s/sasanka/alex/release/vtune_code/MPGenc/execs/mpeg2enc_nosse";" Thread_4000";" ";0;0;0;0;1;1;0;" 0x1039C";" rc_init_seq";" rc_init_seq";" /home/adve_s/sasanka/alex/release/vtune_code/MPGenc/execs/mpeg2enc_nosse";" src/ratectl.c";25712
"round_and_return";" /home/adve_s/sasanka/alex/release/vtune_code/MPGenc/execs/mpeg2enc_nosse";" Thread_4000";" ";0;0;0;0;1;1;0;" 0x56A3C";" round_and_return";" round_and_return";" /home/adve_s/sasanka/alex/release/vtune_code/MPGenc/execs/mpeg2enc_nosse";" unknown";25712
"__sigjmp_save";" /home/adve_s/sasanka/alex/release/vtune_code/MPGenc/execs/mpeg2enc_nosse";" Thread_4000";" ";0;0;0;0;1;1;1;" 0x1BFB4";" __sigjmp_save";" __sigjmp_save";" /home/adve_s/sasanka/alex/release/vtune_code/MPGenc/execs/mpeg2enc_nosse";" unknown";25712
"pthread_onexit_process";" /home/adve_s/sasanka/alex/release/vtune_code/MPGenc/execs/mpeg2enc_nosse";" Thread_4000";" ";0;0;0;0;1;1;0;" 0x144DC";" pthread_onexit_process";" pthread_onexit_process";" /home/adve_s/sasanka/alex/release/vtune_code/MPGenc/execs/mpeg2enc_nosse";" unknown";25712
"__ubp_memchr";" /home/adve_s/sasanka/alex/release/vtune_code/MPGenc/execs/mpeg2enc_nosse";" Thread_4000";" ";0;0;0;0;55;1;0;" 0x27D70";" __ubp_memchr";" __ubp_memchr";" /home/adve_s/sasanka/alex/release/vtune_code/MPGenc/execs/mpeg2enc_nosse";" unknown";25712
"__getgid";" /home/adve_s/sasanka/alex/release/vtune_code/MPGenc/execs/mpeg2enc_nosse";" Thread_4000";" ";0;0;0;0;1;1;0;" 0x46BB8";" __getgid";" __getgid";" /home/adve_s/sasanka/alex/release/vtune_code/MPGenc/execs/mpeg2enc_nosse";" unknown";25712
"__pthread_alt_unlock";" /home/adve_s/sasanka/alex/release/vtune_code/MPGenc/execs/mpeg2enc_nosse";" Thread_4000";" ";0;0;0;0;4;3;1;" 0x161B8";" __pthread_alt_unlock";" __pthread_alt_unlock";" /home/adve_s/sasanka/alex/release/vtune_code/MPGenc/execs/mpeg2enc_nosse";" unknown";25712
"__pthread_acquire";" /home/adve_s/sasanka/alex/release/vtune_code/MPGenc/execs/mpeg2enc_nosse";" Thread_4000";" ";0;0;0;0;4;2;0;" 0x16374";" __pthread_acquire";" __pthread_acquire";" /home/adve_s/sasanka/alex/release/vtune_code/MPGenc/execs/mpeg2enc_nosse";" unknown";25712
"__getegid";" /home/adve_s/sasanka/alex/release/vtune_code/MPGenc/execs/mpeg2enc_nosse";" Thread_4000";" ";0;0;0;0;1;1;0;" 0x46BF0";" __getegid";" __getegid";" /home/adve_s/sasanka/alex/release/vtune_code/MPGenc/execs/mpeg2enc_nosse";" unknown";25712
"__unregister_atfork";" /home/adve_s/sasanka/alex/release/vtune_code/MPGenc/execs/mpeg2enc_nosse";" Thread_4000";" ";0;0;0;0;1;1;2;" 0x293C8";" __unregister_atfork";" __unregister_atfork";" /home/adve_s/sasanka/alex/release/vtune_code/MPGenc/execs/mpeg2enc_nosse";" unknown";25712
"_IO_file_read";" /home/adve_s/sasanka/alex/release/vtune_code/MPGenc/execs/mpeg2enc_nosse";" Thread_4000";" ";0;0;0;0;18751;1;0;" 0x20474";" _IO_file_read";" _IO_file_read";" /home/adve_s/sasanka/alex/release/vtune_code/MPGenc/execs/mpeg2enc_nosse";" unknown";25712
"_IO_file_close";" /home/adve_s/sasanka/alex/release/vtune_code/MPGenc/execs/mpeg2enc_nosse";" Thread_4000";" ";0;0;0;0;453;1;0;" 0x204F0";" _IO_file_close";" _IO_file_close";" /home/adve_s/sasanka/alex/release/vtune_code/MPGenc/execs/mpeg2enc_nosse";" unknown";25712
"_IO_new_file_finish";" /home/adve_s/sasanka/alex/release/vtune_code/MPGenc/execs/mpeg2enc_nosse";" Thread_4000";" ";0;0;0;0;453;1;0;" 0x1F890";" _IO_new_file_finish";" _IO_new_file_finish";" /home/adve_s/sasanka/alex/release/vtune_code/MPGenc/execs/mpeg2enc_nosse";" unknown";25712
"__init_misc";" /home/adve_s/sasanka/alex/release/vtune_code/MPGenc/execs/mpeg2enc_nosse";" Thread_4000";" ";0;0;0;0;1;1;1;" 0x47DD8";" __init_misc";" __init_misc";" /home/adve_s/sasanka/alex/release/vtune_code/MPGenc/execs/mpeg2enc_nosse";" unknown";25712
"memset";" /home/adve_s/sasanka/alex/release/vtune_code/MPGenc/execs/mpeg2enc_nosse";" Thread_4000";" ";0;0;0;0;6;4;0;" 0x27F8C";" memset";" memset";" /home/adve_s/sasanka/alex/release/vtune_code/MPGenc/execs/mpeg2enc_nosse";" unknown";25712
"__do_deregister_frame";" /home/adve_s/sasanka/alex/release/vtune_code/MPGenc/execs/mpeg2enc_nosse";" Thread_4000";" ";0;0;0;0;1;1;0;" 0x16C";" __do_deregister_frame";" __do_deregister_frame";" /home/adve_s/sasanka/alex/release/vtune_code/MPGenc/execs/mpeg2enc_nosse";" unknown";25712
"__libc_do_global_destruction";" /home/adve_s/sasanka/alex/release/vtune_code/MPGenc/execs/mpeg2enc_nosse";" Thread_4000";" ";0;0;0;0;1;1;0;" 0x1A4";" __libc_do_global_destruction";" __libc_do_global_destruction";" /home/adve_s/sasanka/alex/release/vtune_code/MPGenc/execs/mpeg2enc_nosse";" unknown";25712
"strrchr";" /home/adve_s/sasanka/alex/release/vtune_code/MPGenc/execs/mpeg2enc_nosse";" Thread_4000";" ";0;0;0;0;1;1;0;" 0x45E20";" strrchr";" strrchr";" /home/adve_s/sasanka/alex/release/vtune_code/MPGenc/execs/mpeg2enc_nosse";" unknown";25712
"__getpagesize";" /home/adve_s/sasanka/alex/release/vtune_code/MPGenc/execs/mpeg2enc_nosse";" Thread_4000";" ";0;0;0;0;1;1;0;" 0x28E6C";" __getpagesize";" __getpagesize";" /home/adve_s/sasanka/alex/release/vtune_code/MPGenc/execs/mpeg2enc_nosse";" unknown";25712
"putseqdispext";" /home/adve_s/sasanka/alex/release/vtune_code/MPGenc/execs/mpeg2enc_nosse";" Thread_4000";" ";0;0;0;0;1;1;2;" 0x106E";" putseqdispext";" putseqdispext";" /home/adve_s/sasanka/alex/release/vtune_code/MPGenc/execs/mpeg2enc_nosse";" src/puthdr.c";25712
"__do_register_frame";" /home/adve_s/sasanka/alex/release/vtune_code/MPGenc/execs/mpeg2enc_nosse";" Thread_4000";" ";0;0;0;0;1;1;0;" 0x128";" __do_register_frame";" __do_register_frame";" /home/adve_s/sasanka/alex/release/vtune_code/MPGenc/execs/mpeg2enc_nosse";" unknown";25712
"__getuid";" /home/adve_s/sasanka/alex/release/vtune_code/MPGenc/execs/mpeg2enc_nosse";" Thread_4000";" ";0;0;0;0;1;1;0;" 0x46B80";" __getuid";" __getuid";" /home/adve_s/sasanka/alex/release/vtune_code/MPGenc/execs/mpeg2enc_nosse";" unknown";25712
"profile_and_level_checks";" /home/adve_s/sasanka/alex/release/vtune_code/MPGenc/execs/mpeg2enc_nosse";" Thread_4000";" ";0;0;0;0;1;1;0;" 0x7DE";" profile_and_level_checks";" profile_and_level_checks";" /home/adve_s/sasanka/alex/release/vtune_code/MPGenc/execs/mpeg2enc_nosse";" src/conform.c";25712
